scenario,set_name,vaccine,gavi_support,activity_type,country_code,country,year,age_first,age_last,age_range_verbatim,target,coverage,gender,proportion_risk
mena-campaign-ia2030_target,"MenA : MenA,campaign,with : ia2030_target",MenA,total,campaign,BDI,Burundi,2018,1,29,<NA>,7791922,1,both,0.20000000000000001
mena-campaign-ia2030_target,"MenA : MenA,campaign,with : ia2030_target",MenA,total,campaign,BDI,Burundi,2023,1,5,<NA>,2113485,0.18000000000000002,both,0.20000000000000001
mena-campaign-ia2030_target,"MenA : MenA,campaign,with : ia2030_target",MenA,total,campaign,BEN,Benin,2012,1,29,<NA>,6545730,0.39654247883734894,both,0.20000000000000001
mena-campaign-ia2030_target,"MenA : MenA,campaign,with : ia2030_target",MenA,total,campaign,BEN,Benin,2021,1,9,1y-9y,3262282,0.43409907543247339,both,0.20000000000000001
mena-campaign-ia2030_target,"MenA : MenA,campaign,with : ia2030_target",MenA,total,campaign,BEN,Benin,2026,1,5,<NA>,2079953,0.18000000000000002,both,0.20000000000000001
mena-campaign-ia2030_target,"MenA : MenA,campaign,with : ia2030_target",MenA,total,campaign,BFA,Burkina Faso,2010,1,29,<NA>,10906715,1,both,1
mena-campaign-ia2030_target,"MenA : MenA,campaign,with : ia2030_target",MenA,total,campaign,BFA,Burkina Faso,2016,1,6,<NA>,3726845,1,both,1
mena-campaign-ia2030_target,"MenA : MenA,campaign,with : ia2030_target",MenA,total,campaign,CAF,Central African Republic,2017,1,29,<NA>,3211865,1,both,0.10000000000000001
mena-campaign-ia2030_target,"MenA : MenA,campaign,with : ia2030_target",MenA,total,campaign,CIV,Cote d'Ivoire,2014,1,29,<NA>,15290403,0.27936928804296396,both,0.20000000000000001
mena-campaign-ia2030_target,"MenA : MenA,campaign,with : ia2030_target",MenA,total,campaign,CIV,Cote d'Ivoire,2018,1,4,<NA>,3130888,0.28569051336234319,both,0.20000000000000001
mena-campaign-ia2030_target,"MenA : MenA,campaign,with : ia2030_target",MenA,total,campaign,CMR,Cameroon,2011,1,29,<NA>,14350955,0.27855149709548949,both,0.20000000000000001
mena-campaign-ia2030_target,"MenA : MenA,campaign,with : ia2030_target",MenA,total,campaign,CMR,Cameroon,2012,1,29,<NA>,14716909,0.14172857357479074,both,0.20000000000000001
mena-campaign-ia2030_target,"MenA : MenA,campaign,with : ia2030_target",MenA,total,campaign,CMR,Cameroon,2026,1,14,<NA>,11397999,0.18000000000000002,both,0.20000000000000001
mena-campaign-ia2030_target,"MenA : MenA,campaign,with : ia2030_target",MenA,total,campaign,COD,"Congo, the Democratic Republic of the",2016,1,29,<NA>,53938859,0.33752630918648091,both,0.20000000000000001
mena-campaign-ia2030_target,"MenA : MenA,campaign,with : ia2030_target",MenA,total,campaign,COD,"Congo, the Democratic Republic of the",2026,1,10,<NA>,32685432,0.18000000000000002,both,0.20000000000000001
mena-campaign-ia2030_target,"MenA : MenA,campaign,with : ia2030_target",MenA,total,campaign,ERI,Eritrea,2019,1,29,<NA>,2279418,1,both,0.10000000000000001
mena-campaign-ia2030_target,"MenA : MenA,campaign,with : ia2030_target",MenA,total,campaign,ERI,Eritrea,2023,1,4,<NA>,399937,0.090000000000000011,both,0.10000000000000001
mena-campaign-ia2030_target,"MenA : MenA,campaign,with : ia2030_target",MenA,total,campaign,ETH,Ethiopia,2013,1,29,<NA>,65220416,0.28729628894118064,both,1
mena-campaign-ia2030_target,"MenA : MenA,campaign,with : ia2030_target",MenA,total,campaign,ETH,Ethiopia,2014,1,29,<NA>,66852901,0.3916779991342485,both,1
mena-campaign-ia2030_target,"MenA : MenA,campaign,with : ia2030_target",MenA,total,campaign,ETH,Ethiopia,2015,1,29,<NA>,68492699,0.23229658390305222,both,1
mena-campaign-ia2030_target,"MenA : MenA,campaign,with : ia2030_target",MenA,total,campaign,ETH,Ethiopia,2026,1,11,<NA>,37513028,0.90000000000000013,both,1
mena-campaign-ia2030_target,"MenA : MenA,campaign,with : ia2030_target",MenA,total,campaign,GHA,Ghana,2012,1,29,<NA>,16659834,0.18225758071779108,both,0.20000000000000001
mena-campaign-ia2030_target,"MenA : MenA,campaign,with : ia2030_target",MenA,total,campaign,GHA,Ghana,2016,1,4,<NA>,3186473,0.2092244685581833,both,0.20000000000000001
mena-campaign-ia2030_target,"MenA : MenA,campaign,with : ia2030_target",MenA,total,campaign,GIN,Guinea,2015,1,29,<NA>,8008143,0.30374106081772018,both,0.20000000000000001
mena-campaign-ia2030_target,"MenA : MenA,campaign,with : ia2030_target",MenA,total,campaign,GIN,Guinea,2021,1,9,1y-9y,3595286,0.25702380839799671,both,0.20000000000000001
mena-campaign-ia2030_target,"MenA : MenA,campaign,with : ia2030_target",MenA,total,campaign,GIN,Guinea,2027,1,6,<NA>,2761091,0.18000000000000002,both,0.20000000000000001
mena-campaign-ia2030_target,"MenA : MenA,campaign,with : ia2030_target",MenA,total,campaign,GMB,Gambia,2013,1,29,<NA>,1366620,0.86192430961057209,both,1
mena-campaign-ia2030_target,"MenA : MenA,campaign,with : ia2030_target",MenA,total,campaign,GMB,Gambia,2019,1,6,<NA>,460714,0.83193668957314082,both,1
mena-campaign-ia2030_target,"MenA : MenA,campaign,with : ia2030_target",MenA,total,campaign,GNB,Guinea-Bissau,2016,1,29,<NA>,1203152,0.95530672766200775,both,0.20000000000000001
mena-campaign-ia2030_target,"MenA : MenA,campaign,with : ia2030_target",MenA,total,campaign,GNB,Guinea-Bissau,2021,1,6,1y-6y,361466,0.90000000000000002,both,0.20000000000000001
mena-campaign-ia2030_target,"MenA : MenA,campaign,with : ia2030_target",MenA,total,campaign,GNB,Guinea-Bissau,2025,1,4,<NA>,254485,0.18000000000000002,both,0.20000000000000001
mena-campaign-ia2030_target,"MenA : MenA,campaign,with : ia2030_target",MenA,total,campaign,KEN,Kenya,2019,1,29,<NA>,34405390,0.059786363706384384,both,0.10000000000000001
mena-campaign-ia2030_target,"MenA : MenA,campaign,with : ia2030_target",MenA,total,campaign,KEN,Kenya,2024,1,5,<NA>,7243391,0.090000000000000011,both,0.10000000000000001
mena-campaign-ia2030_target,"MenA : MenA,campaign,with : ia2030_target",MenA,total,campaign,MLI,Mali,2010,1,29,<NA>,10514837,0.4645406818954968,both,1
mena-campaign-ia2030_target,"MenA : MenA,campaign,with : ia2030_target",MenA,total,campaign,MLI,Mali,2011,1,29,<NA>,10850405,0.5507203648158755,both,1
mena-campaign-ia2030_target,"MenA : MenA,campaign,with : ia2030_target",MenA,total,campaign,MLI,Mali,2017,1,6,<NA>,3916683,0.84969858423569122,both,1
mena-campaign-ia2030_target,"MenA : MenA,campaign,with : ia2030_target",MenA,total,campaign,MRT,Mauritania,2014,1,29,<NA>,2562137,0.60972825028482081,both,0.20000000000000001
mena-campaign-ia2030_target,"MenA : MenA,campaign,with : ia2030_target",MenA,total,campaign,MRT,Mauritania,2025,1,11,<NA>,1525043,0.18000000000000002,both,0.20000000000000001
mena-campaign-ia2030_target,"MenA : MenA,campaign,with : ia2030_target",MenA,total,campaign,NER,Niger,2010,1,29,<NA>,11489559,0.27438276177527787,both,1
mena-campaign-ia2030_target,"MenA : MenA,campaign,with : ia2030_target",MenA,total,campaign,NER,Niger,2011,1,29,<NA>,11993547,0.61912141253959319,both,1
mena-campaign-ia2030_target,"MenA : MenA,campaign,with : ia2030_target",MenA,total,campaign,NER,Niger,2019,1,8,<NA>,6773195,0.89659340975713819,both,1
mena-campaign-ia2030_target,"MenA : MenA,campaign,with : ia2030_target",MenA,total,campaign,NGA,Nigeria,2011,1,29,<NA>,109255536,0.14362520797115488,both,0.69999999999999996
mena-campaign-ia2030_target,"MenA : MenA,campaign,with : ia2030_target",MenA,total,campaign,NGA,Nigeria,2012,1,29,<NA>,112132819,0.11802666113299087,both,0.69999999999999996
mena-campaign-ia2030_target,"MenA : MenA,campaign,with : ia2030_target",MenA,total,campaign,NGA,Nigeria,2013,1,29,<NA>,115073281,0.19412989536641437,both,0.69999999999999996
mena-campaign-ia2030_target,"MenA : MenA,campaign,with : ia2030_target",MenA,total,campaign,NGA,Nigeria,2014,1,29,<NA>,118077911,0.2356121032662917,both,0.69999999999999996
mena-campaign-ia2030_target,"MenA : MenA,campaign,with : ia2030_target",MenA,total,campaign,NGA,Nigeria,2019,1,6,<NA>,38644702,0.62807542208502476,both,0.69999999999999996
mena-campaign-ia2030_target,"MenA : MenA,campaign,with : ia2030_target",MenA,total,campaign,NGA,Nigeria,2027,1,8,<NA>,57495280,0.63,both,0.69999999999999996
mena-campaign-ia2030_target,"MenA : MenA,campaign,with : ia2030_target",MenA,total,campaign,RWA,Rwanda,2023,1,29,<NA>,8806634,0.18000000000000002,both,0.20000000000000001
mena-campaign-ia2030_target,"MenA : MenA,campaign,with : ia2030_target",MenA,total,campaign,SDN,Sudan,2012,1,29,<NA>,23972247,0.68395738455389687,both,1
mena-campaign-ia2030_target,"MenA : MenA,campaign,with : ia2030_target",MenA,total,campaign,SDN,Sudan,2013,1,29,<NA>,24507681,0.30056345845206656,both,1
mena-campaign-ia2030_target,"MenA : MenA,campaign,with : ia2030_target",MenA,total,campaign,SDN,Sudan,2016,1,5,<NA>,5880391,0.88874022152608556,both,1
mena-campaign-ia2030_target,"MenA : MenA,campaign,with : ia2030_target",MenA,total,campaign,SEN,Senegal,2012,1,29,<NA>,9112609,0.46176948884781516,both,0.20000000000000001
mena-campaign-ia2030_target,"MenA : MenA,campaign,with : ia2030_target",MenA,total,campaign,SEN,Senegal,2023,1,11,<NA>,5647880,0.18000000000000002,both,0.20000000000000001
mena-campaign-ia2030_target,"MenA : MenA,campaign,with : ia2030_target",MenA,total,campaign,SSD,South Sudan,2016,1,29,<NA>,7262204,0.55394757844863629,both,0.5
mena-campaign-ia2030_target,"MenA : MenA,campaign,with : ia2030_target",MenA,total,campaign,SSD,South Sudan,2018,1,29,<NA>,7328064,0.25282916743085215,both,0.5
mena-campaign-ia2030_target,"MenA : MenA,campaign,with : ia2030_target",MenA,total,campaign,SSD,South Sudan,2027,1,9,<NA>,3177678,0.45000000000000001,both,0.5
mena-campaign-ia2030_target,"MenA : MenA,campaign,with : ia2030_target",MenA,total,campaign,TCD,Chad,2011,1,29,<NA>,8825788,0.2050419747222571,both,1
mena-campaign-ia2030_target,"MenA : MenA,campaign,with : ia2030_target",MenA,total,campaign,TCD,Chad,2012,1,29,<NA>,9131623,0.75509666572962986,both,1
mena-campaign-ia2030_target,"MenA : MenA,campaign,with : ia2030_target",MenA,total,campaign,TCD,Chad,2018,1,7,<NA>,3706827,0.90454342757296202,both,1
mena-campaign-ia2030_target,"MenA : MenA,campaign,with : ia2030_target",MenA,total,campaign,TCD,Chad,2021,1,8,1y-8y,4455090,0.1375974222742975,both,1
mena-campaign-ia2030_target,"MenA : MenA,campaign,with : ia2030_target",MenA,total,campaign,TGO,Togo,2014,1,29,<NA>,4728299,0.58249044741036893,both,0.20000000000000001
mena-campaign-ia2030_target,"MenA : MenA,campaign,with : ia2030_target",MenA,total,campaign,TGO,Togo,2025,1,11,<NA>,2686690,0.18000000000000002,both,0.20000000000000001
mena-campaign-ia2030_target,"MenA : MenA,campaign,with : ia2030_target",MenA,total,campaign,TZA,"Tanzania, United Republic of",2024,1,29,<NA>,44673522,0.090000000000000011,both,0.10000000000000001
mena-campaign-ia2030_target,"MenA : MenA,campaign,with : ia2030_target",MenA,total,campaign,UGA,Uganda,2017,1,29,<NA>,29563346,0.23337233207634886,both,0.10000000000000001
mena-campaign-ia2030_target,"MenA : MenA,campaign,with : ia2030_target",MenA,total,campaign,UGA,Uganda,2024,1,7,<NA>,11010391,0.090000000000000011,both,0.10000000000000001
