"country_code","region","vacc_program","vacc_subprogram","completed"
"BDI","not_hyper","none","default","TRUE"
"BEN","not_hyper","none","default","TRUE"
"BFA","hyper","none","default","TRUE"
"CAF","not_hyper","none","default","TRUE"
"CIV","not_hyper","none","default","TRUE"
"CMR","not_hyper","none","default","TRUE"
"COD","not_hyper","none","default","TRUE"
"ERI","not_hyper","none","default","TRUE"
"ETH","hyper","none","default","TRUE"
"GHA","not_hyper","none","default","TRUE"
"GIN","not_hyper","none","default","TRUE"
"GMB","not_hyper","none","default","TRUE"
"GNB","not_hyper","none","default","TRUE"
"KEN","not_hyper","none","default","TRUE"
"MLI","hyper","none","default","TRUE"
"MRT","not_hyper","none","default","TRUE"
"NER","hyper","none","default","TRUE"
"NGA","hyper","none","default","TRUE"
"RWA","not_hyper","none","default","TRUE"
"SDN","hyper","none","default","TRUE"
"SEN","not_hyper","none","default","TRUE"
"SSD","not_hyper","none","default","TRUE"
"TCD","hyper","none","default","TRUE"
"TGO","not_hyper","none","default","TRUE"
"TZA","not_hyper","none","default","TRUE"
"UGA","not_hyper","none","default","TRUE"
"BDI","not_hyper","campaign","default","TRUE"
"BEN","not_hyper","campaign","default","TRUE"
"BFA","hyper","campaign","default","TRUE"
"CAF","not_hyper","campaign","default","TRUE"
"CIV","not_hyper","campaign","default","TRUE"
"CMR","not_hyper","campaign","default","TRUE"
"COD","not_hyper","campaign","default","TRUE"
"ERI","not_hyper","campaign","default","TRUE"
"ETH","hyper","campaign","default","TRUE"
"GHA","not_hyper","campaign","default","TRUE"
"GIN","not_hyper","campaign","default","TRUE"
"GMB","not_hyper","campaign","default","TRUE"
"GNB","not_hyper","campaign","default","TRUE"
"KEN","not_hyper","campaign","default","TRUE"
"MLI","hyper","campaign","default","TRUE"
"MRT","not_hyper","campaign","default","TRUE"
"NER","hyper","campaign","default","TRUE"
"NGA","hyper","campaign","default","TRUE"
"RWA","not_hyper","campaign","default","TRUE"
"SDN","hyper","campaign","default","TRUE"
"SEN","not_hyper","campaign","default","TRUE"
"SSD","not_hyper","campaign","default","TRUE"
"TCD","hyper","campaign","default","TRUE"
"TGO","not_hyper","campaign","default","TRUE"
"TZA","not_hyper","campaign","default","TRUE"
"UGA","not_hyper","campaign","default","TRUE"
"BDI","not_hyper","routine","default","TRUE"
"BEN","not_hyper","routine","default","TRUE"
"BFA","hyper","routine","default","TRUE"
"CAF","not_hyper","routine","default","TRUE"
"CIV","not_hyper","routine","default","TRUE"
"CMR","not_hyper","routine","default","TRUE"
"COD","not_hyper","routine","default","TRUE"
"ERI","not_hyper","routine","default","TRUE"
"ETH","hyper","routine","default","TRUE"
"GHA","not_hyper","routine","default","TRUE"
"GIN","not_hyper","routine","default","TRUE"
"GMB","not_hyper","routine","default","TRUE"
"GNB","not_hyper","routine","default","TRUE"
"KEN","not_hyper","routine","default","TRUE"
"MLI","hyper","routine","default","TRUE"
"MRT","not_hyper","routine","default","TRUE"
"NER","hyper","routine","default","TRUE"
"NGA","hyper","routine","default","TRUE"
"RWA","not_hyper","routine","default","TRUE"
"SDN","hyper","routine","default","TRUE"
"SEN","not_hyper","routine","default","TRUE"
"SSD","not_hyper","routine","default","TRUE"
"TCD","hyper","routine","default","TRUE"
"TGO","not_hyper","routine","default","TRUE"
"TZA","not_hyper","routine","default","TRUE"
"UGA","not_hyper","routine","default","TRUE"
"BDI","not_hyper","booster","default","TRUE"
"BEN","not_hyper","booster","default","TRUE"
"BFA","hyper","booster","default","TRUE"
"CAF","not_hyper","booster","default","TRUE"
"CIV","not_hyper","booster","default","TRUE"
"CMR","not_hyper","booster","default","TRUE"
"COD","not_hyper","booster","default","TRUE"
"ERI","not_hyper","booster","default","TRUE"
"ETH","hyper","booster","default","TRUE"
"GHA","not_hyper","booster","default","TRUE"
"GIN","not_hyper","booster","default","TRUE"
"GMB","not_hyper","booster","default","TRUE"
"GNB","not_hyper","booster","default","TRUE"
"KEN","not_hyper","booster","default","TRUE"
"MLI","hyper","booster","default","TRUE"
"MRT","not_hyper","booster","default","TRUE"
"NER","hyper","booster","default","TRUE"
"NGA","hyper","booster","default","TRUE"
"RWA","not_hyper","booster","default","TRUE"
"SDN","hyper","booster","default","TRUE"
"SEN","not_hyper","booster","default","TRUE"
"SSD","not_hyper","booster","default","TRUE"
"TCD","hyper","booster","default","TRUE"
"TGO","not_hyper","booster","default","TRUE"
"TZA","not_hyper","booster","default","TRUE"
"UGA","not_hyper","booster","default","TRUE"
"BDI","not_hyper","campaign","ia2030_target","TRUE"
"BEN","not_hyper","campaign","ia2030_target","TRUE"
"BFA","hyper","campaign","ia2030_target","TRUE"
"CAF","not_hyper","campaign","ia2030_target","TRUE"
"CIV","not_hyper","campaign","ia2030_target","TRUE"
"CMR","not_hyper","campaign","ia2030_target","TRUE"
"COD","not_hyper","campaign","ia2030_target","TRUE"
"ERI","not_hyper","campaign","ia2030_target","TRUE"
"ETH","hyper","campaign","ia2030_target","TRUE"
"GHA","not_hyper","campaign","ia2030_target","TRUE"
"GIN","not_hyper","campaign","ia2030_target","TRUE"
"GMB","not_hyper","campaign","ia2030_target","TRUE"
"GNB","not_hyper","campaign","ia2030_target","TRUE"
"KEN","not_hyper","campaign","ia2030_target","TRUE"
"MLI","hyper","campaign","ia2030_target","TRUE"
"MRT","not_hyper","campaign","ia2030_target","TRUE"
"NER","hyper","campaign","ia2030_target","TRUE"
"NGA","hyper","campaign","ia2030_target","TRUE"
"RWA","not_hyper","campaign","ia2030_target","TRUE"
"SDN","hyper","campaign","ia2030_target","TRUE"
"SEN","not_hyper","campaign","ia2030_target","TRUE"
"SSD","not_hyper","campaign","ia2030_target","TRUE"
"TCD","hyper","campaign","ia2030_target","TRUE"
"TGO","not_hyper","campaign","ia2030_target","TRUE"
"TZA","not_hyper","campaign","ia2030_target","TRUE"
"UGA","not_hyper","campaign","ia2030_target","TRUE"
"BDI","not_hyper","routine","ia2030_target","TRUE"
"BEN","not_hyper","routine","ia2030_target","TRUE"
"BFA","hyper","routine","ia2030_target","TRUE"
"CAF","not_hyper","routine","ia2030_target","TRUE"
"CIV","not_hyper","routine","ia2030_target","TRUE"
"CMR","not_hyper","routine","ia2030_target","TRUE"
"COD","not_hyper","routine","ia2030_target","TRUE"
"ERI","not_hyper","routine","ia2030_target","TRUE"
"ETH","hyper","routine","ia2030_target","TRUE"
"GHA","not_hyper","routine","ia2030_target","TRUE"
"GIN","not_hyper","routine","ia2030_target","TRUE"
"GMB","not_hyper","routine","ia2030_target","TRUE"
"GNB","not_hyper","routine","ia2030_target","TRUE"
"KEN","not_hyper","routine","ia2030_target","TRUE"
"MLI","hyper","routine","ia2030_target","TRUE"
"MRT","not_hyper","routine","ia2030_target","TRUE"
"NER","hyper","routine","ia2030_target","TRUE"
"NGA","hyper","routine","ia2030_target","TRUE"
"RWA","not_hyper","routine","ia2030_target","TRUE"
"SDN","hyper","routine","ia2030_target","TRUE"
"SEN","not_hyper","routine","ia2030_target","TRUE"
"SSD","not_hyper","routine","ia2030_target","TRUE"
"TCD","hyper","routine","ia2030_target","TRUE"
"TGO","not_hyper","routine","ia2030_target","TRUE"
"TZA","not_hyper","routine","ia2030_target","TRUE"
"UGA","not_hyper","routine","ia2030_target","TRUE"
